fused_transactions_write32s,0,10900
fused_transactions_write32s,1,10849
fused_transactions_write32s,2,10791
fused_transactions_write32s,3,10782
fused_transactions_write32s,4,10777
fused_transactions_write32s,5,10785
fused_transactions_write32s,6,10780
fused_transactions_write32s,7,10784
fused_transactions_write32s,8,10780
fused_transactions_write32s,9,10779
fused_transactions_write32s,10,10786
fused_transactions_write32s,11,10783
fused_transactions_write32s,12,10786
fused_transactions_write32s,13,10778
fused_transactions_write32s,14,10784
fused_transactions_write32s,15,10781
fused_transactions_write32s,16,10783
fused_transactions_write32s,17,10779
fused_transactions_write32s,18,10781
fused_transactions_write32s,19,10783
fused_transactions_write32s,20,10779
fused_transactions_write32s,21,10777
fused_transactions_write32s,22,10783
fused_transactions_write32s,23,10782
fused_transactions_write32s,24,10777
fused_transactions_write32s,25,10774
fused_transactions_write32s,26,10781
fused_transactions_write32s,27,10779
fused_transactions_write32s,28,10777
fused_transactions_write32s,29,10798
fused_transactions_write32s,30,10785
fused_transactions_write32s,31,10775
fused_transactions_write32s,32,10778
fused_transactions_write32s,33,10781
fused_transactions_write32s,34,10787
fused_transactions_write32s,35,10780
fused_transactions_write32s,36,10783
fused_transactions_write32s,37,10778
fused_transactions_write32s,38,10782
fused_transactions_write32s,39,10771
fused_transactions_write32s,40,10758
fused_transactions_write32s,41,10758
fused_transactions_write32s,42,10783
fused_transactions_write32s,43,10774
fused_transactions_write32s,44,10787
fused_transactions_write32s,45,10777
fused_transactions_write32s,46,10781
fused_transactions_write32s,47,10780
fused_transactions_write32s,48,10777
fused_transactions_write32s,49,10773
fused_transactions_write32s,50,10778
fused_transactions_write32s,51,10777
fused_transactions_write32s,52,10772
fused_transactions_write32s,53,10777
fused_transactions_write32s,54,10780
fused_transactions_write32s,55,10776
fused_transactions_write32s,56,10776
fused_transactions_write32s,57,10778
fused_transactions_write32s,58,10772
fused_transactions_write32s,59,10776
fused_transactions_write32s,60,10776
fused_transactions_write32s,61,10781
fused_transactions_write32s,62,10772
fused_transactions_write32s,63,10773
fused_transactions_write32s,64,10779
fused_transactions_write32s,65,10776
fused_transactions_write32s,66,10774
fused_transactions_write32s,67,10777
fused_transactions_write32s,68,10780
fused_transactions_write32s,69,10784
fused_transactions_write32s,70,10786
fused_transactions_write32s,71,10776
fused_transactions_write32s,72,10779
fused_transactions_write32s,73,10775
fused_transactions_write32s,74,10776
fused_transactions_write32s,75,10775
fused_transactions_write32s,76,10785
fused_transactions_write32s,77,10773
fused_transactions_write32s,78,10775
fused_transactions_write32s,79,10781
fused_transactions_write32s,80,10783
fused_transactions_write32s,81,10771
fused_transactions_write32s,82,10784
fused_transactions_write32s,83,10775
fused_transactions_write32s,84,10781
fused_transactions_write32s,85,10769
fused_transactions_write32s,86,10772
fused_transactions_write32s,87,10776
fused_transactions_write32s,88,10782
fused_transactions_write32s,89,10780
fused_transactions_write32s,90,10777
fused_transactions_write32s,91,10782
fused_transactions_write32s,92,10777
fused_transactions_write32s,93,10776
fused_transactions_write32s,94,10780
fused_transactions_write32s,95,10783
fused_transactions_write32s,96,10777
fused_transactions_write32s,97,10774
fused_transactions_write32s,98,10779
fused_transactions_write32s,99,10777
fused_transactions_write32s,100,10779
fused_transactions_write32s,101,10780
fused_transactions_write32s,102,10781
fused_transactions_write32s,103,10783
fused_transactions_write32s,104,10782
fused_transactions_write32s,105,10778
fused_transactions_write32s,106,10780
fused_transactions_write32s,107,10773
fused_transactions_write32s,108,10781
fused_transactions_write32s,109,10782
fused_transactions_write32s,110,10771
fused_transactions_write32s,111,10783
fused_transactions_write32s,112,10783
fused_transactions_write32s,113,10782
fused_transactions_write32s,114,10787
fused_transactions_write32s,115,10778
fused_transactions_write32s,116,10778
fused_transactions_write32s,117,10773
fused_transactions_write32s,118,10781
fused_transactions_write32s,119,10778
fused_transactions_write32s,120,10774
fused_transactions_write32s,121,10773
fused_transactions_write32s,122,10782
fused_transactions_write32s,123,10781
fused_transactions_write32s,124,10779
fused_transactions_write32s,125,10782
fused_transactions_write32s,126,10783
fused_transactions_write32s,127,10778
fused_transactions_write32s,128,10781
fused_transactions_write32s,129,10778
fused_transactions_write32s,130,10777
fused_transactions_write32s,131,10782
fused_transactions_write32s,132,10786
fused_transactions_write32s,133,10779
fused_transactions_write32s,134,10783
fused_transactions_write32s,135,10778
fused_transactions_write32s,136,10784
fused_transactions_write32s,137,10781
fused_transactions_write32s,138,10777
fused_transactions_write32s,139,11103
fused_transactions_write32s,140,10786
fused_transactions_write32s,141,10786
fused_transactions_write32s,142,10782
fused_transactions_write32s,143,10775
fused_transactions_write32s,144,10779
fused_transactions_write32s,145,10776
fused_transactions_write32s,146,10781
fused_transactions_write32s,147,10779
fused_transactions_write32s,148,10778
fused_transactions_write32s,149,10777
fused_transactions_write32s,150,10782
fused_transactions_write32s,151,10779
fused_transactions_write32s,152,10774
fused_transactions_write32s,153,10780
fused_transactions_write32s,154,10779
fused_transactions_write32s,155,10775
fused_transactions_write32s,156,10778
fused_transactions_write32s,157,10776
fused_transactions_write32s,158,10772
fused_transactions_write32s,159,10784
fused_transactions_write32s,160,10776
fused_transactions_write32s,161,10776
fused_transactions_write32s,162,10775
fused_transactions_write32s,163,10778
fused_transactions_write32s,164,10777
fused_transactions_write32s,165,10777
fused_transactions_write32s,166,10776
fused_transactions_write32s,167,10782
fused_transactions_write32s,168,10776
fused_transactions_write32s,169,10775
fused_transactions_write32s,170,10775
fused_transactions_write32s,171,10780
fused_transactions_write32s,172,10775
fused_transactions_write32s,173,10773
fused_transactions_write32s,174,10773
fused_transactions_write32s,175,10778
fused_transactions_write32s,176,10781
fused_transactions_write32s,177,10781
fused_transactions_write32s,178,10780
fused_transactions_write32s,179,10786
fused_transactions_write32s,180,10774
fused_transactions_write32s,181,10777
fused_transactions_write32s,182,10777
fused_transactions_write32s,183,10776
fused_transactions_write32s,184,10775
fused_transactions_write32s,185,10776
fused_transactions_write32s,186,10774
fused_transactions_write32s,187,10776
fused_transactions_write32s,188,10775
fused_transactions_write32s,189,10783
fused_transactions_write32s,190,10779
fused_transactions_write32s,191,10785
fused_transactions_write32s,192,10781
fused_transactions_write32s,193,10779
fused_transactions_write32s,194,10780
fused_transactions_write32s,195,10781
fused_transactions_write32s,196,10783
fused_transactions_write32s,197,10776
fused_transactions_write32s,198,10777
fused_transactions_write32s,199,10779
fused_transactions_write32s,200,10782
fused_transactions_write32s,201,10779
fused_transactions_write32s,202,10782
fused_transactions_write32s,203,10778
fused_transactions_write32s,204,10780
fused_transactions_write32s,205,10784
fused_transactions_write32s,206,10779
fused_transactions_write32s,207,10775
fused_transactions_write32s,208,10773
fused_transactions_write32s,209,10775
fused_transactions_write32s,210,10782
fused_transactions_write32s,211,10781
fused_transactions_write32s,212,10778
fused_transactions_write32s,213,10779
fused_transactions_write32s,214,10783
fused_transactions_write32s,215,10778
fused_transactions_write32s,216,10779
fused_transactions_write32s,217,10780
fused_transactions_write32s,218,10784
fused_transactions_write32s,219,10780
fused_transactions_write32s,220,10774
fused_transactions_write32s,221,10779
fused_transactions_write32s,222,10780
fused_transactions_write32s,223,10787
fused_transactions_write32s,224,10789
fused_transactions_write32s,225,10779
fused_transactions_write32s,226,10781
fused_transactions_write32s,227,10780
fused_transactions_write32s,228,10779
fused_transactions_write32s,229,10777
fused_transactions_write32s,230,10772
fused_transactions_write32s,231,10775
fused_transactions_write32s,232,10779
fused_transactions_write32s,233,10780
fused_transactions_write32s,234,10784
fused_transactions_write32s,235,10777
fused_transactions_write32s,236,10777
fused_transactions_write32s,237,10770
fused_transactions_write32s,238,10778
fused_transactions_write32s,239,10774
fused_transactions_write32s,240,10773
fused_transactions_write32s,241,10774
fused_transactions_write32s,242,10780
fused_transactions_write32s,243,10779
fused_transactions_write32s,244,10779
fused_transactions_write32s,245,10772
fused_transactions_write32s,246,10778
fused_transactions_write32s,247,10784
fused_transactions_write32s,248,10783
fused_transactions_write32s,249,10782
fused_transactions_write32s,250,10779
fused_transactions_write32s,251,10780
fused_transactions_write32s,252,10784
fused_transactions_write32s,253,10777
fused_transactions_write32s,254,10782
fused_transactions_write32s,255,10783
fused_transactions_write32s,256,10780
fused_transactions_write32s,257,10781
fused_transactions_write32s,258,10782
fused_transactions_write32s,259,10776
fused_transactions_write32s,260,10783
fused_transactions_write32s,261,10778
fused_transactions_write32s,262,10775
fused_transactions_write32s,263,10776
fused_transactions_write32s,264,10780
fused_transactions_write32s,265,10776
fused_transactions_write32s,266,10778
fused_transactions_write32s,267,10781
fused_transactions_write32s,268,10779
fused_transactions_write32s,269,10786
fused_transactions_write32s,270,10779
fused_transactions_write32s,271,10784
fused_transactions_write32s,272,10779
fused_transactions_write32s,273,10780
fused_transactions_write32s,274,10779
fused_transactions_write32s,275,10776
fused_transactions_write32s,276,10782
fused_transactions_write32s,277,10782
fused_transactions_write32s,278,10781
fused_transactions_write32s,279,10780
fused_transactions_write32s,280,10776
fused_transactions_write32s,281,10779
fused_transactions_write32s,282,10778
fused_transactions_write32s,283,10777
fused_transactions_write32s,284,10775
fused_transactions_write32s,285,10779
fused_transactions_write32s,286,10780
fused_transactions_write32s,287,10779
fused_transactions_write32s,288,10783
fused_transactions_write32s,289,10782
fused_transactions_write32s,290,10777
fused_transactions_write32s,291,10776
fused_transactions_write32s,292,10774
fused_transactions_write32s,293,10780
fused_transactions_write32s,294,10778
fused_transactions_write32s,295,10778
fused_transactions_write32s,296,10777
fused_transactions_write32s,297,10783
fused_transactions_write32s,298,10788
fused_transactions_write32s,299,10783
fused_transactions_write32s,300,10780
fused_transactions_write32s,301,10780
fused_transactions_write32s,302,10778
fused_transactions_write32s,303,10778
fused_transactions_write32s,304,10777
fused_transactions_write32s,305,10776
fused_transactions_write32s,306,10779
fused_transactions_write32s,307,10775
fused_transactions_write32s,308,10781
fused_transactions_write32s,309,10780
fused_transactions_write32s,310,10781
fused_transactions_write32s,311,10781
fused_transactions_write32s,312,10776
fused_transactions_write32s,313,10777
fused_transactions_write32s,314,10774
fused_transactions_write32s,315,10782
fused_transactions_write32s,316,10785
fused_transactions_write32s,317,10781
fused_transactions_write32s,318,10762
fused_transactions_write32s,319,10778
fused_transactions_write32s,320,10775
fused_transactions_write32s,321,10774
fused_transactions_write32s,322,10788
fused_transactions_write32s,323,10779
fused_transactions_write32s,324,10783
fused_transactions_write32s,325,10778
fused_transactions_write32s,326,10775
fused_transactions_write32s,327,10781
fused_transactions_write32s,328,10779
fused_transactions_write32s,329,10778
fused_transactions_write32s,330,10775
fused_transactions_write32s,331,10783
fused_transactions_write32s,332,10776
fused_transactions_write32s,333,10778
fused_transactions_write32s,334,10780
fused_transactions_write32s,335,10778
fused_transactions_write32s,336,10778
fused_transactions_write32s,337,10779
fused_transactions_write32s,338,10780
fused_transactions_write32s,339,10782
fused_transactions_write32s,340,10780
fused_transactions_write32s,341,10775
fused_transactions_write32s,342,10779
fused_transactions_write32s,343,10780
fused_transactions_write32s,344,10782
fused_transactions_write32s,345,10774
fused_transactions_write32s,346,10775
fused_transactions_write32s,347,10779
fused_transactions_write32s,348,10780
fused_transactions_write32s,349,10777
fused_transactions_write32s,350,10775
fused_transactions_write32s,351,10776
fused_transactions_write32s,352,10775
fused_transactions_write32s,353,10779
fused_transactions_write32s,354,10781
fused_transactions_write32s,355,10777
fused_transactions_write32s,356,10774
fused_transactions_write32s,357,10778
fused_transactions_write32s,358,10780
fused_transactions_write32s,359,10774
fused_transactions_write32s,360,10779
fused_transactions_write32s,361,10774
fused_transactions_write32s,362,10776
fused_transactions_write32s,363,10774
fused_transactions_write32s,364,10783
fused_transactions_write32s,365,10786
fused_transactions_write32s,366,10783
fused_transactions_write32s,367,10778
fused_transactions_write32s,368,10776
fused_transactions_write32s,369,10775
fused_transactions_write32s,370,10778
fused_transactions_write32s,371,10773
fused_transactions_write32s,372,10777
fused_transactions_write32s,373,10777
fused_transactions_write32s,374,10778
fused_transactions_write32s,375,10782
fused_transactions_write32s,376,10769
fused_transactions_write32s,377,10777
fused_transactions_write32s,378,10780
fused_transactions_write32s,379,10783
fused_transactions_write32s,380,10783
fused_transactions_write32s,381,10783
fused_transactions_write32s,382,10782
fused_transactions_write32s,383,10785
fused_transactions_write32s,384,10784
fused_transactions_write32s,385,10776
fused_transactions_write32s,386,10778
fused_transactions_write32s,387,10783
fused_transactions_write32s,388,10781
fused_transactions_write32s,389,10786
fused_transactions_write32s,390,10779
fused_transactions_write32s,391,10775
fused_transactions_write32s,392,10776
fused_transactions_write32s,393,10774
fused_transactions_write32s,394,10777
fused_transactions_write32s,395,10776
fused_transactions_write32s,396,10777
fused_transactions_write32s,397,10782
fused_transactions_write32s,398,10782
fused_transactions_write32s,399,10782
fused_transactions_write32s,400,10777
fused_transactions_write32s,401,10779
fused_transactions_write32s,402,10766
fused_transactions_write32s,403,10776
fused_transactions_write32s,404,10783
fused_transactions_write32s,405,10783
fused_transactions_write32s,406,10779
fused_transactions_write32s,407,10780
fused_transactions_write32s,408,10782
fused_transactions_write32s,409,10783
fused_transactions_write32s,410,10783
fused_transactions_write32s,411,10785
fused_transactions_write32s,412,10783
fused_transactions_write32s,413,10777
fused_transactions_write32s,414,10778
fused_transactions_write32s,415,10783
fused_transactions_write32s,416,10775
fused_transactions_write32s,417,10781
fused_transactions_write32s,418,10781
fused_transactions_write32s,419,10779
fused_transactions_write32s,420,10779
fused_transactions_write32s,421,10778
fused_transactions_write32s,422,10774
fused_transactions_write32s,423,10782
fused_transactions_write32s,424,10781
fused_transactions_write32s,425,10786
fused_transactions_write32s,426,10781
fused_transactions_write32s,427,10786
fused_transactions_write32s,428,10779
fused_transactions_write32s,429,10781
fused_transactions_write32s,430,10779
fused_transactions_write32s,431,10782
fused_transactions_write32s,432,10784
fused_transactions_write32s,433,10776
fused_transactions_write32s,434,10778
fused_transactions_write32s,435,10783
fused_transactions_write32s,436,10783
fused_transactions_write32s,437,10778
fused_transactions_write32s,438,10784
fused_transactions_write32s,439,10781
fused_transactions_write32s,440,10782
fused_transactions_write32s,441,10782
fused_transactions_write32s,442,10783
fused_transactions_write32s,443,10777
fused_transactions_write32s,444,10785
fused_transactions_write32s,445,10780
fused_transactions_write32s,446,10786
fused_transactions_write32s,447,10778
fused_transactions_write32s,448,10794
fused_transactions_write32s,449,10788
fused_transactions_write32s,450,10784
fused_transactions_write32s,451,10780
fused_transactions_write32s,452,10778
fused_transactions_write32s,453,10778
fused_transactions_write32s,454,10781
fused_transactions_write32s,455,10783
fused_transactions_write32s,456,10782
fused_transactions_write32s,457,10779
fused_transactions_write32s,458,10773
fused_transactions_write32s,459,10779
fused_transactions_write32s,460,10779
fused_transactions_write32s,461,10777
fused_transactions_write32s,462,10780
fused_transactions_write32s,463,10777
fused_transactions_write32s,464,10780
fused_transactions_write32s,465,10773
fused_transactions_write32s,466,10784
fused_transactions_write32s,467,10779
fused_transactions_write32s,468,10773
fused_transactions_write32s,469,10778
fused_transactions_write32s,470,10777
fused_transactions_write32s,471,10784
fused_transactions_write32s,472,10782
fused_transactions_write32s,473,10781
fused_transactions_write32s,474,10783
fused_transactions_write32s,475,10779
fused_transactions_write32s,476,10782
fused_transactions_write32s,477,10783
fused_transactions_write32s,478,10783
fused_transactions_write32s,479,10775
fused_transactions_write32s,480,10779
fused_transactions_write32s,481,10777
fused_transactions_write32s,482,10780
fused_transactions_write32s,483,10778
fused_transactions_write32s,484,10772
fused_transactions_write32s,485,10777
fused_transactions_write32s,486,10781
fused_transactions_write32s,487,10781
fused_transactions_write32s,488,10779
fused_transactions_write32s,489,10784
fused_transactions_write32s,490,10782
fused_transactions_write32s,491,10774
fused_transactions_write32s,492,10778
fused_transactions_write32s,493,10781
fused_transactions_write32s,494,10782
fused_transactions_write32s,495,10781
fused_transactions_write32s,496,10781
fused_transactions_write32s,497,10780
fused_transactions_write32s,498,10782
fused_transactions_write32s,499,10784
fused_transactions_write32s,500,10778
fused_transactions_write32s,501,10784
fused_transactions_write32s,502,10778
fused_transactions_write32s,503,10781
fused_transactions_write32s,504,10783
fused_transactions_write32s,505,10779
fused_transactions_write32s,506,10776
fused_transactions_write32s,507,10777
fused_transactions_write32s,508,10776
fused_transactions_write32s,509,10778
fused_transactions_write32s,510,10776
fused_transactions_write32s,511,10779
fused_transactions_write32s,512,10778
fused_transactions_write32s,513,10779
fused_transactions_write32s,514,10783
fused_transactions_write32s,515,10778
fused_transactions_write32s,516,10771
fused_transactions_write32s,517,10780
fused_transactions_write32s,518,10785
fused_transactions_write32s,519,10783
fused_transactions_write32s,520,10780
fused_transactions_write32s,521,10776
fused_transactions_write32s,522,10785
fused_transactions_write32s,523,10777
fused_transactions_write32s,524,10776
fused_transactions_write32s,525,10778
fused_transactions_write32s,526,10776
fused_transactions_write32s,527,10782
fused_transactions_write32s,528,10783
fused_transactions_write32s,529,10781
fused_transactions_write32s,530,10779
fused_transactions_write32s,531,10779
fused_transactions_write32s,532,10774
fused_transactions_write32s,533,10781
fused_transactions_write32s,534,10771
fused_transactions_write32s,535,10775
fused_transactions_write32s,536,10776
fused_transactions_write32s,537,10781
fused_transactions_write32s,538,10782
fused_transactions_write32s,539,10780
fused_transactions_write32s,540,10782
fused_transactions_write32s,541,10781
fused_transactions_write32s,542,10784
fused_transactions_write32s,543,10779
fused_transactions_write32s,544,10777
fused_transactions_write32s,545,10778
fused_transactions_write32s,546,10773
fused_transactions_write32s,547,10774
fused_transactions_write32s,548,10776
fused_transactions_write32s,549,10776
fused_transactions_write32s,550,10783
fused_transactions_write32s,551,10775
fused_transactions_write32s,552,10779
fused_transactions_write32s,553,10772
fused_transactions_write32s,554,10776
fused_transactions_write32s,555,10775
fused_transactions_write32s,556,10777
fused_transactions_write32s,557,10777
fused_transactions_write32s,558,10775
fused_transactions_write32s,559,10776
fused_transactions_write32s,560,10775
fused_transactions_write32s,561,10779
fused_transactions_write32s,562,10777
fused_transactions_write32s,563,10782
fused_transactions_write32s,564,10789
fused_transactions_write32s,565,10787
fused_transactions_write32s,566,10786
fused_transactions_write32s,567,10772
fused_transactions_write32s,568,10786
fused_transactions_write32s,569,10784
fused_transactions_write32s,570,10785
fused_transactions_write32s,571,10774
fused_transactions_write32s,572,10776
fused_transactions_write32s,573,10781
fused_transactions_write32s,574,10780
fused_transactions_write32s,575,10775
fused_transactions_write32s,576,10782
fused_transactions_write32s,577,10785
fused_transactions_write32s,578,10779
fused_transactions_write32s,579,10779
fused_transactions_write32s,580,10776
fused_transactions_write32s,581,10779
fused_transactions_write32s,582,10781
fused_transactions_write32s,583,10778
fused_transactions_write32s,584,10776
fused_transactions_write32s,585,10781
fused_transactions_write32s,586,10781
fused_transactions_write32s,587,10781
fused_transactions_write32s,588,10782
fused_transactions_write32s,589,10782
fused_transactions_write32s,590,10787
fused_transactions_write32s,591,10779
fused_transactions_write32s,592,10779
fused_transactions_write32s,593,10784
fused_transactions_write32s,594,10780
fused_transactions_write32s,595,10778
fused_transactions_write32s,596,10781
fused_transactions_write32s,597,10784
fused_transactions_write32s,598,10778
fused_transactions_write32s,599,10777
fused_transactions_write32s,600,10774
fused_transactions_write32s,601,10778
fused_transactions_write32s,602,10778
fused_transactions_write32s,603,10787
fused_transactions_write32s,604,10779
fused_transactions_write32s,605,10779
fused_transactions_write32s,606,10775
fused_transactions_write32s,607,10778
fused_transactions_write32s,608,10784
fused_transactions_write32s,609,10781
fused_transactions_write32s,610,10780
fused_transactions_write32s,611,10779
fused_transactions_write32s,612,10778
fused_transactions_write32s,613,10780
fused_transactions_write32s,614,11102
fused_transactions_write32s,615,10782
fused_transactions_write32s,616,10783
fused_transactions_write32s,617,10780
fused_transactions_write32s,618,10775
fused_transactions_write32s,619,10781
fused_transactions_write32s,620,10776
fused_transactions_write32s,621,10783
fused_transactions_write32s,622,10782
fused_transactions_write32s,623,10781
fused_transactions_write32s,624,10779
fused_transactions_write32s,625,10782
fused_transactions_write32s,626,10782
fused_transactions_write32s,627,10772
fused_transactions_write32s,628,10766
fused_transactions_write32s,629,10766
fused_transactions_write32s,630,10767
fused_transactions_write32s,631,10773
fused_transactions_write32s,632,10760
fused_transactions_write32s,633,10766
fused_transactions_write32s,634,10766
fused_transactions_write32s,635,10762
fused_transactions_write32s,636,10762
fused_transactions_write32s,637,10764
fused_transactions_write32s,638,10764
fused_transactions_write32s,639,10764
fused_transactions_write32s,640,10763
fused_transactions_write32s,641,10767
fused_transactions_write32s,642,10764
fused_transactions_write32s,643,10765
fused_transactions_write32s,644,10768
fused_transactions_write32s,645,10761
fused_transactions_write32s,646,10768
fused_transactions_write32s,647,10765
fused_transactions_write32s,648,10773
fused_transactions_write32s,649,10764
fused_transactions_write32s,650,10764
fused_transactions_write32s,651,10762
fused_transactions_write32s,652,10766
fused_transactions_write32s,653,10765
fused_transactions_write32s,654,10764
fused_transactions_write32s,655,10751
fused_transactions_write32s,656,10763
fused_transactions_write32s,657,10766
fused_transactions_write32s,658,10762
fused_transactions_write32s,659,10766
fused_transactions_write32s,660,10766
fused_transactions_write32s,661,10764
fused_transactions_write32s,662,10766
fused_transactions_write32s,663,10759
fused_transactions_write32s,664,10761
fused_transactions_write32s,665,10758
fused_transactions_write32s,666,10763
fused_transactions_write32s,667,10770
fused_transactions_write32s,668,10763
fused_transactions_write32s,669,10765
fused_transactions_write32s,670,10765
fused_transactions_write32s,671,10764
fused_transactions_write32s,672,10764
fused_transactions_write32s,673,10764
fused_transactions_write32s,674,10763
fused_transactions_write32s,675,10763
fused_transactions_write32s,676,10762
fused_transactions_write32s,677,10763
fused_transactions_write32s,678,10765
fused_transactions_write32s,679,10763
fused_transactions_write32s,680,10766
fused_transactions_write32s,681,10762
fused_transactions_write32s,682,10767
fused_transactions_write32s,683,10765
fused_transactions_write32s,684,10761
fused_transactions_write32s,685,10765
fused_transactions_write32s,686,10766
fused_transactions_write32s,687,10767
fused_transactions_write32s,688,10763
fused_transactions_write32s,689,10765
fused_transactions_write32s,690,10765
fused_transactions_write32s,691,10762
fused_transactions_write32s,692,10765
fused_transactions_write32s,693,10768
fused_transactions_write32s,694,10764
fused_transactions_write32s,695,10763
fused_transactions_write32s,696,10763
fused_transactions_write32s,697,10764
fused_transactions_write32s,698,10759
fused_transactions_write32s,699,10766
fused_transactions_write32s,700,10762
fused_transactions_write32s,701,10770
fused_transactions_write32s,702,10762
fused_transactions_write32s,703,10765
fused_transactions_write32s,704,10768
fused_transactions_write32s,705,10761
fused_transactions_write32s,706,10768
fused_transactions_write32s,707,10768
fused_transactions_write32s,708,10768
fused_transactions_write32s,709,10764
fused_transactions_write32s,710,10764
fused_transactions_write32s,711,10764
fused_transactions_write32s,712,10761
fused_transactions_write32s,713,10763
fused_transactions_write32s,714,10766
fused_transactions_write32s,715,10757
fused_transactions_write32s,716,10762
fused_transactions_write32s,717,10763
fused_transactions_write32s,718,10769
fused_transactions_write32s,719,10765
fused_transactions_write32s,720,10759
fused_transactions_write32s,721,10759
fused_transactions_write32s,722,10763
fused_transactions_write32s,723,10768
fused_transactions_write32s,724,10763
fused_transactions_write32s,725,10761
fused_transactions_write32s,726,10768
fused_transactions_write32s,727,10767
fused_transactions_write32s,728,10767
fused_transactions_write32s,729,10763
fused_transactions_write32s,730,10761
fused_transactions_write32s,731,10767
fused_transactions_write32s,732,10763
fused_transactions_write32s,733,10762
fused_transactions_write32s,734,10761
fused_transactions_write32s,735,10769
fused_transactions_write32s,736,10763
fused_transactions_write32s,737,10763
fused_transactions_write32s,738,10761
fused_transactions_write32s,739,10766
fused_transactions_write32s,740,10763
fused_transactions_write32s,741,10766
fused_transactions_write32s,742,10764
fused_transactions_write32s,743,10765
fused_transactions_write32s,744,10767
fused_transactions_write32s,745,10762
fused_transactions_write32s,746,10759
fused_transactions_write32s,747,10769
fused_transactions_write32s,748,10764
fused_transactions_write32s,749,10765
fused_transactions_write32s,750,10761
fused_transactions_write32s,751,10762
fused_transactions_write32s,752,10763
fused_transactions_write32s,753,10764
fused_transactions_write32s,754,10768
fused_transactions_write32s,755,10762
fused_transactions_write32s,756,10763
fused_transactions_write32s,757,10757
fused_transactions_write32s,758,10767
fused_transactions_write32s,759,10764
fused_transactions_write32s,760,10760
fused_transactions_write32s,761,10762
fused_transactions_write32s,762,10761
fused_transactions_write32s,763,10764
fused_transactions_write32s,764,10766
fused_transactions_write32s,765,10764
fused_transactions_write32s,766,10767
fused_transactions_write32s,767,10763
fused_transactions_write32s,768,10764
fused_transactions_write32s,769,10764
fused_transactions_write32s,770,10767
fused_transactions_write32s,771,10761
fused_transactions_write32s,772,10764
fused_transactions_write32s,773,10765
fused_transactions_write32s,774,10763
fused_transactions_write32s,775,10761
fused_transactions_write32s,776,10763
fused_transactions_write32s,777,10760
fused_transactions_write32s,778,10757
fused_transactions_write32s,779,10765
fused_transactions_write32s,780,10787
fused_transactions_write32s,781,10797
fused_transactions_write32s,782,10776
fused_transactions_write32s,783,10771
fused_transactions_write32s,784,10774
fused_transactions_write32s,785,10774
fused_transactions_write32s,786,10776
fused_transactions_write32s,787,10776
fused_transactions_write32s,788,10775
fused_transactions_write32s,789,10775
fused_transactions_write32s,790,10777
fused_transactions_write32s,791,10767
fused_transactions_write32s,792,10783
fused_transactions_write32s,793,10776
fused_transactions_write32s,794,10775
fused_transactions_write32s,795,10774
fused_transactions_write32s,796,10771
fused_transactions_write32s,797,10771
fused_transactions_write32s,798,10783
fused_transactions_write32s,799,10783
fused_transactions_write32s,800,10777
fused_transactions_write32s,801,10777
fused_transactions_write32s,802,10782
fused_transactions_write32s,803,10782
fused_transactions_write32s,804,10780
fused_transactions_write32s,805,10780
fused_transactions_write32s,806,10779
fused_transactions_write32s,807,10782
fused_transactions_write32s,808,10774
fused_transactions_write32s,809,10769
fused_transactions_write32s,810,10781
fused_transactions_write32s,811,10781
fused_transactions_write32s,812,10783
fused_transactions_write32s,813,10783
fused_transactions_write32s,814,10782
fused_transactions_write32s,815,10781
fused_transactions_write32s,816,10780
fused_transactions_write32s,817,10782
fused_transactions_write32s,818,10781
fused_transactions_write32s,819,10787
fused_transactions_write32s,820,10782
fused_transactions_write32s,821,10783
fused_transactions_write32s,822,10779
fused_transactions_write32s,823,10784
fused_transactions_write32s,824,10782
fused_transactions_write32s,825,10780
fused_transactions_write32s,826,10788
fused_transactions_write32s,827,10786
fused_transactions_write32s,828,10781
fused_transactions_write32s,829,10780
fused_transactions_write32s,830,10781
fused_transactions_write32s,831,10772
fused_transactions_write32s,832,10775
fused_transactions_write32s,833,10775
fused_transactions_write32s,834,10778
fused_transactions_write32s,835,10786
fused_transactions_write32s,836,10774
fused_transactions_write32s,837,10783
fused_transactions_write32s,838,10768
fused_transactions_write32s,839,10781
fused_transactions_write32s,840,10781
fused_transactions_write32s,841,10782
fused_transactions_write32s,842,10775
fused_transactions_write32s,843,10772
fused_transactions_write32s,844,10781
fused_transactions_write32s,845,10776
fused_transactions_write32s,846,10775
fused_transactions_write32s,847,10783
fused_transactions_write32s,848,10776
fused_transactions_write32s,849,10780
fused_transactions_write32s,850,10777
fused_transactions_write32s,851,10776
fused_transactions_write32s,852,10789
fused_transactions_write32s,853,10774
fused_transactions_write32s,854,10780
fused_transactions_write32s,855,10780
fused_transactions_write32s,856,10791
fused_transactions_write32s,857,10783
fused_transactions_write32s,858,10778
fused_transactions_write32s,859,10776
fused_transactions_write32s,860,10780
fused_transactions_write32s,861,10781
fused_transactions_write32s,862,10784
fused_transactions_write32s,863,10781
fused_transactions_write32s,864,10780
fused_transactions_write32s,865,10784
fused_transactions_write32s,866,10775
fused_transactions_write32s,867,10783
fused_transactions_write32s,868,10779
fused_transactions_write32s,869,10785
fused_transactions_write32s,870,10784
fused_transactions_write32s,871,10786
fused_transactions_write32s,872,10778
fused_transactions_write32s,873,10785
fused_transactions_write32s,874,10783
fused_transactions_write32s,875,10780
fused_transactions_write32s,876,10779
fused_transactions_write32s,877,10777
fused_transactions_write32s,878,10782
fused_transactions_write32s,879,10785
fused_transactions_write32s,880,10774
fused_transactions_write32s,881,10787
fused_transactions_write32s,882,10783
fused_transactions_write32s,883,10773
fused_transactions_write32s,884,10785
fused_transactions_write32s,885,10776
fused_transactions_write32s,886,10776
fused_transactions_write32s,887,10779
fused_transactions_write32s,888,10779
fused_transactions_write32s,889,10782
fused_transactions_write32s,890,10784
fused_transactions_write32s,891,10781
fused_transactions_write32s,892,10777
fused_transactions_write32s,893,10779
fused_transactions_write32s,894,10778
fused_transactions_write32s,895,10774
fused_transactions_write32s,896,10776
fused_transactions_write32s,897,10774
fused_transactions_write32s,898,10776
fused_transactions_write32s,899,10776
fused_transactions_write32s,900,10777
fused_transactions_write32s,901,10776
fused_transactions_write32s,902,10788
fused_transactions_write32s,903,10782
fused_transactions_write32s,904,10774
fused_transactions_write32s,905,10785
fused_transactions_write32s,906,10780
fused_transactions_write32s,907,10784
fused_transactions_write32s,908,10776
fused_transactions_write32s,909,10773
fused_transactions_write32s,910,10782
fused_transactions_write32s,911,10785
fused_transactions_write32s,912,10787
fused_transactions_write32s,913,10773
fused_transactions_write32s,914,10780
fused_transactions_write32s,915,10787
fused_transactions_write32s,916,10778
fused_transactions_write32s,917,10774
fused_transactions_write32s,918,10777
fused_transactions_write32s,919,10781
fused_transactions_write32s,920,10781
fused_transactions_write32s,921,10777
fused_transactions_write32s,922,10773
fused_transactions_write32s,923,10774
fused_transactions_write32s,924,10770
fused_transactions_write32s,925,10776
fused_transactions_write32s,926,10785
fused_transactions_write32s,927,10773
fused_transactions_write32s,928,10781
fused_transactions_write32s,929,10775
fused_transactions_write32s,930,10803
fused_transactions_write32s,931,10764
fused_transactions_write32s,932,10762
fused_transactions_write32s,933,10762
fused_transactions_write32s,934,10766
fused_transactions_write32s,935,10766
fused_transactions_write32s,936,10764
fused_transactions_write32s,937,10759
fused_transactions_write32s,938,10763
fused_transactions_write32s,939,10768
fused_transactions_write32s,940,10765
fused_transactions_write32s,941,10764
fused_transactions_write32s,942,10762
fused_transactions_write32s,943,10787
fused_transactions_write32s,944,10785
fused_transactions_write32s,945,10772
fused_transactions_write32s,946,10782
fused_transactions_write32s,947,10782
fused_transactions_write32s,948,10779
fused_transactions_write32s,949,10775
fused_transactions_write32s,950,10770
fused_transactions_write32s,951,10774
fused_transactions_write32s,952,10783
fused_transactions_write32s,953,10785
fused_transactions_write32s,954,10782
fused_transactions_write32s,955,10770
fused_transactions_write32s,956,10776
fused_transactions_write32s,957,10774
fused_transactions_write32s,958,10776
fused_transactions_write32s,959,10774
fused_transactions_write32s,960,10775
fused_transactions_write32s,961,10784
fused_transactions_write32s,962,10780
fused_transactions_write32s,963,10782
fused_transactions_write32s,964,10774
fused_transactions_write32s,965,10776
fused_transactions_write32s,966,10778
fused_transactions_write32s,967,10773
fused_transactions_write32s,968,10780
fused_transactions_write32s,969,10775
fused_transactions_write32s,970,10787
fused_transactions_write32s,971,10769
fused_transactions_write32s,972,10777
fused_transactions_write32s,973,10775
fused_transactions_write32s,974,10780
fused_transactions_write32s,975,10783
fused_transactions_write32s,976,10782
fused_transactions_write32s,977,10776
fused_transactions_write32s,978,10782
fused_transactions_write32s,979,10776
fused_transactions_write32s,980,10768
fused_transactions_write32s,981,10778
fused_transactions_write32s,982,10768
fused_transactions_write32s,983,10777
fused_transactions_write32s,984,10781
fused_transactions_write32s,985,10776
fused_transactions_write32s,986,10785
fused_transactions_write32s,987,10783
fused_transactions_write32s,988,10773
fused_transactions_write32s,989,10783
fused_transactions_write32s,990,10784
fused_transactions_write32s,991,10770
fused_transactions_write32s,992,10773
fused_transactions_write32s,993,10779
fused_transactions_write32s,994,10773
fused_transactions_write32s,995,10776
fused_transactions_write32s,996,10778
fused_transactions_write32s,997,10776
fused_transactions_write32s,998,10787
fused_transactions_write32s,999,10773