fused_transactions_write32s,0,2521
fused_transactions_write32s,1,2447
fused_transactions_write32s,2,2443
fused_transactions_write32s,3,2431
fused_transactions_write32s,4,2418
fused_transactions_write32s,5,2421
fused_transactions_write32s,6,2407
fused_transactions_write32s,7,2415
fused_transactions_write32s,8,2408
fused_transactions_write32s,9,2415
fused_transactions_write32s,10,2421
fused_transactions_write32s,11,2399
fused_transactions_write32s,12,2403
fused_transactions_write32s,13,2405
fused_transactions_write32s,14,2390
fused_transactions_write32s,15,2407
fused_transactions_write32s,16,2412
fused_transactions_write32s,17,2406
fused_transactions_write32s,18,2416
fused_transactions_write32s,19,2412
fused_transactions_write32s,20,2412
fused_transactions_write32s,21,2411
fused_transactions_write32s,22,2421
fused_transactions_write32s,23,2416
fused_transactions_write32s,24,2414
fused_transactions_write32s,25,2412
fused_transactions_write32s,26,2413
fused_transactions_write32s,27,2414
fused_transactions_write32s,28,2419
fused_transactions_write32s,29,2411
fused_transactions_write32s,30,2411
fused_transactions_write32s,31,2417
fused_transactions_write32s,32,2411
fused_transactions_write32s,33,2413
fused_transactions_write32s,34,2415
fused_transactions_write32s,35,2411
fused_transactions_write32s,36,2429
fused_transactions_write32s,37,2418
fused_transactions_write32s,38,2415
fused_transactions_write32s,39,2413
fused_transactions_write32s,40,2413
fused_transactions_write32s,41,2414
fused_transactions_write32s,42,2413
fused_transactions_write32s,43,2414
fused_transactions_write32s,44,2412
fused_transactions_write32s,45,2414
fused_transactions_write32s,46,2414
fused_transactions_write32s,47,2413
fused_transactions_write32s,48,2412
fused_transactions_write32s,49,2418
fused_transactions_write32s,50,2411
fused_transactions_write32s,51,2414
fused_transactions_write32s,52,2411
fused_transactions_write32s,53,2417
fused_transactions_write32s,54,2411
fused_transactions_write32s,55,2411
fused_transactions_write32s,56,2414
fused_transactions_write32s,57,2416
fused_transactions_write32s,58,2413
fused_transactions_write32s,59,2412
fused_transactions_write32s,60,2411
fused_transactions_write32s,61,2412
fused_transactions_write32s,62,2415
fused_transactions_write32s,63,2412
fused_transactions_write32s,64,2414
fused_transactions_write32s,65,2428
fused_transactions_write32s,66,2413
fused_transactions_write32s,67,2416
fused_transactions_write32s,68,2414
fused_transactions_write32s,69,2413
fused_transactions_write32s,70,2416
fused_transactions_write32s,71,2411
fused_transactions_write32s,72,2412
fused_transactions_write32s,73,2412
fused_transactions_write32s,74,2410
fused_transactions_write32s,75,2414
fused_transactions_write32s,76,2414
fused_transactions_write32s,77,2414
fused_transactions_write32s,78,2414
fused_transactions_write32s,79,2415
fused_transactions_write32s,80,2410
fused_transactions_write32s,81,2415
fused_transactions_write32s,82,2409
fused_transactions_write32s,83,2415
fused_transactions_write32s,84,2411
fused_transactions_write32s,85,2417
fused_transactions_write32s,86,2414
fused_transactions_write32s,87,2412
fused_transactions_write32s,88,2410
fused_transactions_write32s,89,2411
fused_transactions_write32s,90,2411
fused_transactions_write32s,91,2409
fused_transactions_write32s,92,2415
fused_transactions_write32s,93,2411
fused_transactions_write32s,94,2419
fused_transactions_write32s,95,2413
fused_transactions_write32s,96,2417
fused_transactions_write32s,97,2413
fused_transactions_write32s,98,2423
fused_transactions_write32s,99,2413
fused_transactions_write32s,100,2412
fused_transactions_write32s,101,2415
fused_transactions_write32s,102,2412
fused_transactions_write32s,103,2414
fused_transactions_write32s,104,2414
fused_transactions_write32s,105,2413
fused_transactions_write32s,106,2414
fused_transactions_write32s,107,2413
fused_transactions_write32s,108,2410
fused_transactions_write32s,109,2411
fused_transactions_write32s,110,2412
fused_transactions_write32s,111,2413
fused_transactions_write32s,112,2409
fused_transactions_write32s,113,2416
fused_transactions_write32s,114,2412
fused_transactions_write32s,115,2413
fused_transactions_write32s,116,2411
fused_transactions_write32s,117,2411
fused_transactions_write32s,118,2413
fused_transactions_write32s,119,2411
fused_transactions_write32s,120,2413
fused_transactions_write32s,121,2411
fused_transactions_write32s,122,2412
fused_transactions_write32s,123,2408
fused_transactions_write32s,124,2411
fused_transactions_write32s,125,2414
fused_transactions_write32s,126,2413
fused_transactions_write32s,127,2415
fused_transactions_write32s,128,2411
fused_transactions_write32s,129,2401
fused_transactions_write32s,130,2398
fused_transactions_write32s,131,2415
fused_transactions_write32s,132,2412
fused_transactions_write32s,133,2410
fused_transactions_write32s,134,2412
fused_transactions_write32s,135,2397
fused_transactions_write32s,136,2412
fused_transactions_write32s,137,2413
fused_transactions_write32s,138,2411
fused_transactions_write32s,139,2412
fused_transactions_write32s,140,2416
fused_transactions_write32s,141,2414
fused_transactions_write32s,142,2413
fused_transactions_write32s,143,2418
fused_transactions_write32s,144,2417
fused_transactions_write32s,145,2415
fused_transactions_write32s,146,2417
fused_transactions_write32s,147,2414
fused_transactions_write32s,148,2414
fused_transactions_write32s,149,2411
fused_transactions_write32s,150,2412
fused_transactions_write32s,151,2412
fused_transactions_write32s,152,2410
fused_transactions_write32s,153,2415
fused_transactions_write32s,154,2414
fused_transactions_write32s,155,2410
fused_transactions_write32s,156,2414
fused_transactions_write32s,157,2412
fused_transactions_write32s,158,2412
fused_transactions_write32s,159,2410
fused_transactions_write32s,160,2411
fused_transactions_write32s,161,2410
fused_transactions_write32s,162,2410
fused_transactions_write32s,163,2411
fused_transactions_write32s,164,2414
fused_transactions_write32s,165,2412
fused_transactions_write32s,166,2412
fused_transactions_write32s,167,2412
fused_transactions_write32s,168,2416
fused_transactions_write32s,169,2412
fused_transactions_write32s,170,2412
fused_transactions_write32s,171,2416
fused_transactions_write32s,172,2412
fused_transactions_write32s,173,2413
fused_transactions_write32s,174,2410
fused_transactions_write32s,175,2411
fused_transactions_write32s,176,2412
fused_transactions_write32s,177,2399
fused_transactions_write32s,178,2409
fused_transactions_write32s,179,2408
fused_transactions_write32s,180,2414
fused_transactions_write32s,181,2415
fused_transactions_write32s,182,2413
fused_transactions_write32s,183,2415
fused_transactions_write32s,184,2411
fused_transactions_write32s,185,2412
fused_transactions_write32s,186,2416
fused_transactions_write32s,187,2411
fused_transactions_write32s,188,2413
fused_transactions_write32s,189,2411
fused_transactions_write32s,190,2411
fused_transactions_write32s,191,2412
fused_transactions_write32s,192,2411
fused_transactions_write32s,193,2413
fused_transactions_write32s,194,2411
fused_transactions_write32s,195,2413
fused_transactions_write32s,196,2411
fused_transactions_write32s,197,2413
fused_transactions_write32s,198,2415
fused_transactions_write32s,199,2433
fused_transactions_write32s,200,2417
fused_transactions_write32s,201,2412
fused_transactions_write32s,202,2411
fused_transactions_write32s,203,2412
fused_transactions_write32s,204,2410
fused_transactions_write32s,205,2413
fused_transactions_write32s,206,2414
fused_transactions_write32s,207,2411
fused_transactions_write32s,208,2413
fused_transactions_write32s,209,2412
fused_transactions_write32s,210,2414
fused_transactions_write32s,211,2409
fused_transactions_write32s,212,2412
fused_transactions_write32s,213,2412
fused_transactions_write32s,214,2415
fused_transactions_write32s,215,2419
fused_transactions_write32s,216,2416
fused_transactions_write32s,217,2411
fused_transactions_write32s,218,2413
fused_transactions_write32s,219,2411
fused_transactions_write32s,220,2410
fused_transactions_write32s,221,2411
fused_transactions_write32s,222,2412
fused_transactions_write32s,223,2417
fused_transactions_write32s,224,2411
fused_transactions_write32s,225,2412
fused_transactions_write32s,226,2416
fused_transactions_write32s,227,2410
fused_transactions_write32s,228,2411
fused_transactions_write32s,229,2414
fused_transactions_write32s,230,2412
fused_transactions_write32s,231,2413
fused_transactions_write32s,232,2408
fused_transactions_write32s,233,2412
fused_transactions_write32s,234,2411
fused_transactions_write32s,235,2413
fused_transactions_write32s,236,2410
fused_transactions_write32s,237,2414
fused_transactions_write32s,238,2413
fused_transactions_write32s,239,2410
fused_transactions_write32s,240,2411
fused_transactions_write32s,241,2413
fused_transactions_write32s,242,2413
fused_transactions_write32s,243,2404
fused_transactions_write32s,244,2412
fused_transactions_write32s,245,2411
fused_transactions_write32s,246,2412
fused_transactions_write32s,247,2413
fused_transactions_write32s,248,2413
fused_transactions_write32s,249,2415
fused_transactions_write32s,250,2413
fused_transactions_write32s,251,2412
fused_transactions_write32s,252,2411
fused_transactions_write32s,253,2413
fused_transactions_write32s,254,2414
fused_transactions_write32s,255,2413
fused_transactions_write32s,256,2412
fused_transactions_write32s,257,2411
fused_transactions_write32s,258,2411
fused_transactions_write32s,259,2412
fused_transactions_write32s,260,2412
fused_transactions_write32s,261,2411
fused_transactions_write32s,262,2413
fused_transactions_write32s,263,2412
fused_transactions_write32s,264,2418
fused_transactions_write32s,265,2412
fused_transactions_write32s,266,2410
fused_transactions_write32s,267,2410
fused_transactions_write32s,268,2413
fused_transactions_write32s,269,2414
fused_transactions_write32s,270,2411
fused_transactions_write32s,271,2412
fused_transactions_write32s,272,2430
fused_transactions_write32s,273,2439
fused_transactions_write32s,274,2413
fused_transactions_write32s,275,2408
fused_transactions_write32s,276,2409
fused_transactions_write32s,277,2413
fused_transactions_write32s,278,2408
fused_transactions_write32s,279,2411
fused_transactions_write32s,280,2420
fused_transactions_write32s,281,2411
fused_transactions_write32s,282,2408
fused_transactions_write32s,283,2411
fused_transactions_write32s,284,2413
fused_transactions_write32s,285,2413
fused_transactions_write32s,286,2420
fused_transactions_write32s,287,2419
fused_transactions_write32s,288,2416
fused_transactions_write32s,289,2410
fused_transactions_write32s,290,2413
fused_transactions_write32s,291,2411
fused_transactions_write32s,292,2410
fused_transactions_write32s,293,2408
fused_transactions_write32s,294,2409
fused_transactions_write32s,295,2407
fused_transactions_write32s,296,2413
fused_transactions_write32s,297,2409
fused_transactions_write32s,298,2410
fused_transactions_write32s,299,2410
fused_transactions_write32s,300,2410
fused_transactions_write32s,301,2411
fused_transactions_write32s,302,2409
fused_transactions_write32s,303,2409
fused_transactions_write32s,304,2407
fused_transactions_write32s,305,2414
fused_transactions_write32s,306,2408
fused_transactions_write32s,307,2406
fused_transactions_write32s,308,2408
fused_transactions_write32s,309,2410
fused_transactions_write32s,310,2408
fused_transactions_write32s,311,2412
fused_transactions_write32s,312,2416
fused_transactions_write32s,313,2409
fused_transactions_write32s,314,2409
fused_transactions_write32s,315,2407
fused_transactions_write32s,316,2412
fused_transactions_write32s,317,2410
fused_transactions_write32s,318,2408
fused_transactions_write32s,319,2407
fused_transactions_write32s,320,2410
fused_transactions_write32s,321,2411
fused_transactions_write32s,322,2408
fused_transactions_write32s,323,2411
fused_transactions_write32s,324,2410
fused_transactions_write32s,325,2408
fused_transactions_write32s,326,2411
fused_transactions_write32s,327,2410
fused_transactions_write32s,328,2416
fused_transactions_write32s,329,2409
fused_transactions_write32s,330,2417
fused_transactions_write32s,331,2413
fused_transactions_write32s,332,2412
fused_transactions_write32s,333,2414
fused_transactions_write32s,334,2409
fused_transactions_write32s,335,2408
fused_transactions_write32s,336,2414
fused_transactions_write32s,337,2418
fused_transactions_write32s,338,2409
fused_transactions_write32s,339,2408
fused_transactions_write32s,340,2411
fused_transactions_write32s,341,2421
fused_transactions_write32s,342,2412
fused_transactions_write32s,343,2410
fused_transactions_write32s,344,2411
fused_transactions_write32s,345,2411
fused_transactions_write32s,346,2412
fused_transactions_write32s,347,2413
fused_transactions_write32s,348,2413
fused_transactions_write32s,349,2409
fused_transactions_write32s,350,2420
fused_transactions_write32s,351,2412
fused_transactions_write32s,352,2428
fused_transactions_write32s,353,2431
fused_transactions_write32s,354,2418
fused_transactions_write32s,355,2413
fused_transactions_write32s,356,2415
fused_transactions_write32s,357,2412
fused_transactions_write32s,358,2413
fused_transactions_write32s,359,2406
fused_transactions_write32s,360,2415
fused_transactions_write32s,361,2415
fused_transactions_write32s,362,2410
fused_transactions_write32s,363,2415
fused_transactions_write32s,364,2410
fused_transactions_write32s,365,2413
fused_transactions_write32s,366,2417
fused_transactions_write32s,367,2409
fused_transactions_write32s,368,2416
fused_transactions_write32s,369,2411
fused_transactions_write32s,370,2412
fused_transactions_write32s,371,2407
fused_transactions_write32s,372,2414
fused_transactions_write32s,373,2415
fused_transactions_write32s,374,2412
fused_transactions_write32s,375,2411
fused_transactions_write32s,376,2409
fused_transactions_write32s,377,2412
fused_transactions_write32s,378,2412
fused_transactions_write32s,379,2409
fused_transactions_write32s,380,2417
fused_transactions_write32s,381,2418
fused_transactions_write32s,382,2439
fused_transactions_write32s,383,2418
fused_transactions_write32s,384,2417
fused_transactions_write32s,385,2411
fused_transactions_write32s,386,2411
fused_transactions_write32s,387,2415
fused_transactions_write32s,388,2416
fused_transactions_write32s,389,2410
fused_transactions_write32s,390,2418
fused_transactions_write32s,391,2412
fused_transactions_write32s,392,2413
fused_transactions_write32s,393,2411
fused_transactions_write32s,394,2415
fused_transactions_write32s,395,2414
fused_transactions_write32s,396,2410
fused_transactions_write32s,397,2413
fused_transactions_write32s,398,2409
fused_transactions_write32s,399,2409
fused_transactions_write32s,400,2414
fused_transactions_write32s,401,2414
fused_transactions_write32s,402,2411
fused_transactions_write32s,403,2412
fused_transactions_write32s,404,2415
fused_transactions_write32s,405,2418
fused_transactions_write32s,406,2419
fused_transactions_write32s,407,2418
fused_transactions_write32s,408,2417
fused_transactions_write32s,409,2410
fused_transactions_write32s,410,2406
fused_transactions_write32s,411,2406
fused_transactions_write32s,412,2404
fused_transactions_write32s,413,2410
fused_transactions_write32s,414,2409
fused_transactions_write32s,415,2405
fused_transactions_write32s,416,2406
fused_transactions_write32s,417,2399
fused_transactions_write32s,418,2410
fused_transactions_write32s,419,2409
fused_transactions_write32s,420,2410
fused_transactions_write32s,421,2406
fused_transactions_write32s,422,2414
fused_transactions_write32s,423,2408
fused_transactions_write32s,424,2408
fused_transactions_write32s,425,2399
fused_transactions_write32s,426,2407
fused_transactions_write32s,427,2403
fused_transactions_write32s,428,2398
fused_transactions_write32s,429,2409
fused_transactions_write32s,430,2415
fused_transactions_write32s,431,2412
fused_transactions_write32s,432,2421
fused_transactions_write32s,433,2418
fused_transactions_write32s,434,2419
fused_transactions_write32s,435,2421
fused_transactions_write32s,436,2411
fused_transactions_write32s,437,2416
fused_transactions_write32s,438,2417
fused_transactions_write32s,439,2414
fused_transactions_write32s,440,2412
fused_transactions_write32s,441,2412
fused_transactions_write32s,442,2409
fused_transactions_write32s,443,2412
fused_transactions_write32s,444,2413
fused_transactions_write32s,445,2413
fused_transactions_write32s,446,2411
fused_transactions_write32s,447,2415
fused_transactions_write32s,448,2409
fused_transactions_write32s,449,2414
fused_transactions_write32s,450,2413
fused_transactions_write32s,451,2414
fused_transactions_write32s,452,2412
fused_transactions_write32s,453,2412
fused_transactions_write32s,454,2412
fused_transactions_write32s,455,2416
fused_transactions_write32s,456,2410
fused_transactions_write32s,457,2421
fused_transactions_write32s,458,2414
fused_transactions_write32s,459,2413
fused_transactions_write32s,460,2414
fused_transactions_write32s,461,2413
fused_transactions_write32s,462,2410
fused_transactions_write32s,463,2411
fused_transactions_write32s,464,2410
fused_transactions_write32s,465,2413
fused_transactions_write32s,466,2421
fused_transactions_write32s,467,2416
fused_transactions_write32s,468,2411
fused_transactions_write32s,469,2411
fused_transactions_write32s,470,2410
fused_transactions_write32s,471,2415
fused_transactions_write32s,472,2413
fused_transactions_write32s,473,2417
fused_transactions_write32s,474,2420
fused_transactions_write32s,475,2413
fused_transactions_write32s,476,2414
fused_transactions_write32s,477,2410
fused_transactions_write32s,478,2416
fused_transactions_write32s,479,2409
fused_transactions_write32s,480,2413
fused_transactions_write32s,481,2414
fused_transactions_write32s,482,2413
fused_transactions_write32s,483,2412
fused_transactions_write32s,484,2417
fused_transactions_write32s,485,2412
fused_transactions_write32s,486,2411
fused_transactions_write32s,487,2412
fused_transactions_write32s,488,2414
fused_transactions_write32s,489,2411
fused_transactions_write32s,490,2412
fused_transactions_write32s,491,2414
fused_transactions_write32s,492,2414
fused_transactions_write32s,493,2414
fused_transactions_write32s,494,2414
fused_transactions_write32s,495,2416
fused_transactions_write32s,496,2412
fused_transactions_write32s,497,2412
fused_transactions_write32s,498,2410
fused_transactions_write32s,499,2414
fused_transactions_write32s,500,2410
fused_transactions_write32s,501,2415
fused_transactions_write32s,502,2413
fused_transactions_write32s,503,2419
fused_transactions_write32s,504,2414
fused_transactions_write32s,505,2415
fused_transactions_write32s,506,2414
fused_transactions_write32s,507,2417
fused_transactions_write32s,508,2411
fused_transactions_write32s,509,2414
fused_transactions_write32s,510,2411
fused_transactions_write32s,511,2410
fused_transactions_write32s,512,2412
fused_transactions_write32s,513,2415
fused_transactions_write32s,514,2413
fused_transactions_write32s,515,2413
fused_transactions_write32s,516,2411
fused_transactions_write32s,517,2409
fused_transactions_write32s,518,2419
fused_transactions_write32s,519,2417
fused_transactions_write32s,520,2410
fused_transactions_write32s,521,2410
fused_transactions_write32s,522,2406
fused_transactions_write32s,523,2409
fused_transactions_write32s,524,2413
fused_transactions_write32s,525,2406
fused_transactions_write32s,526,2396
fused_transactions_write32s,527,2385
fused_transactions_write32s,528,2385
fused_transactions_write32s,529,2390
fused_transactions_write32s,530,2392
fused_transactions_write32s,531,2414
fused_transactions_write32s,532,2416
fused_transactions_write32s,533,2411
fused_transactions_write32s,534,2411
fused_transactions_write32s,535,2412
fused_transactions_write32s,536,2411
fused_transactions_write32s,537,2408
fused_transactions_write32s,538,2413
fused_transactions_write32s,539,2414
fused_transactions_write32s,540,2412
fused_transactions_write32s,541,2414
fused_transactions_write32s,542,2412
fused_transactions_write32s,543,2410
fused_transactions_write32s,544,2412
fused_transactions_write32s,545,2415
fused_transactions_write32s,546,2418
fused_transactions_write32s,547,2420
fused_transactions_write32s,548,2412
fused_transactions_write32s,549,2410
fused_transactions_write32s,550,2407
fused_transactions_write32s,551,2410
fused_transactions_write32s,552,2411
fused_transactions_write32s,553,2410
fused_transactions_write32s,554,2411
fused_transactions_write32s,555,2408
fused_transactions_write32s,556,2408
fused_transactions_write32s,557,2410
fused_transactions_write32s,558,2408
fused_transactions_write32s,559,2410
fused_transactions_write32s,560,2410
fused_transactions_write32s,561,2417
fused_transactions_write32s,562,2419
fused_transactions_write32s,563,2412
fused_transactions_write32s,564,2412
fused_transactions_write32s,565,2410
fused_transactions_write32s,566,2410
fused_transactions_write32s,567,2410
fused_transactions_write32s,568,2408
fused_transactions_write32s,569,2410
fused_transactions_write32s,570,2412
fused_transactions_write32s,571,2413
fused_transactions_write32s,572,2412
fused_transactions_write32s,573,2414
fused_transactions_write32s,574,2414
fused_transactions_write32s,575,2414
fused_transactions_write32s,576,2410
fused_transactions_write32s,577,2407
fused_transactions_write32s,578,2412
fused_transactions_write32s,579,2411
fused_transactions_write32s,580,2413
fused_transactions_write32s,581,2410
fused_transactions_write32s,582,2409
fused_transactions_write32s,583,2408
fused_transactions_write32s,584,2412
fused_transactions_write32s,585,2411
fused_transactions_write32s,586,2413
fused_transactions_write32s,587,2412
fused_transactions_write32s,588,2408
fused_transactions_write32s,589,2413
fused_transactions_write32s,590,2409
fused_transactions_write32s,591,2410
fused_transactions_write32s,592,2410
fused_transactions_write32s,593,2408
fused_transactions_write32s,594,2413
fused_transactions_write32s,595,2413
fused_transactions_write32s,596,2409
fused_transactions_write32s,597,2418
fused_transactions_write32s,598,2413
fused_transactions_write32s,599,2412
fused_transactions_write32s,600,2415
fused_transactions_write32s,601,2416
fused_transactions_write32s,602,2410
fused_transactions_write32s,603,2410
fused_transactions_write32s,604,2416
fused_transactions_write32s,605,2411
fused_transactions_write32s,606,2411
fused_transactions_write32s,607,2410
fused_transactions_write32s,608,2412
fused_transactions_write32s,609,2410
fused_transactions_write32s,610,2412
fused_transactions_write32s,611,2412
fused_transactions_write32s,612,2411
fused_transactions_write32s,613,2410
fused_transactions_write32s,614,2409
fused_transactions_write32s,615,2410
fused_transactions_write32s,616,2411
fused_transactions_write32s,617,2411
fused_transactions_write32s,618,2413
fused_transactions_write32s,619,2415
fused_transactions_write32s,620,2409
fused_transactions_write32s,621,2412
fused_transactions_write32s,622,2409
fused_transactions_write32s,623,2410
fused_transactions_write32s,624,2411
fused_transactions_write32s,625,2408
fused_transactions_write32s,626,2415
fused_transactions_write32s,627,2415
fused_transactions_write32s,628,2412
fused_transactions_write32s,629,2410
fused_transactions_write32s,630,2416
fused_transactions_write32s,631,2412
fused_transactions_write32s,632,2414
fused_transactions_write32s,633,2410
fused_transactions_write32s,634,2410
fused_transactions_write32s,635,2412
fused_transactions_write32s,636,2410
fused_transactions_write32s,637,2421
fused_transactions_write32s,638,2418
fused_transactions_write32s,639,2412
fused_transactions_write32s,640,2409
fused_transactions_write32s,641,2416
fused_transactions_write32s,642,2417
fused_transactions_write32s,643,2412
fused_transactions_write32s,644,2409
fused_transactions_write32s,645,2410
fused_transactions_write32s,646,2415
fused_transactions_write32s,647,2410
fused_transactions_write32s,648,2411
fused_transactions_write32s,649,2412
fused_transactions_write32s,650,2415
fused_transactions_write32s,651,2412
fused_transactions_write32s,652,2409
fused_transactions_write32s,653,2409
fused_transactions_write32s,654,2408
fused_transactions_write32s,655,2412
fused_transactions_write32s,656,2411
fused_transactions_write32s,657,2411
fused_transactions_write32s,658,2409
fused_transactions_write32s,659,2414
fused_transactions_write32s,660,2421
fused_transactions_write32s,661,2412
fused_transactions_write32s,662,2409
fused_transactions_write32s,663,2409
fused_transactions_write32s,664,2407
fused_transactions_write32s,665,2405
fused_transactions_write32s,666,2406
fused_transactions_write32s,667,2416
fused_transactions_write32s,668,2415
fused_transactions_write32s,669,2409
fused_transactions_write32s,670,2412
fused_transactions_write32s,671,2414
fused_transactions_write32s,672,2414
fused_transactions_write32s,673,2414
fused_transactions_write32s,674,2409
fused_transactions_write32s,675,2415
fused_transactions_write32s,676,2410
fused_transactions_write32s,677,2409
fused_transactions_write32s,678,2422
fused_transactions_write32s,679,2419
fused_transactions_write32s,680,2411
fused_transactions_write32s,681,2412
fused_transactions_write32s,682,2411
fused_transactions_write32s,683,2422
fused_transactions_write32s,684,2409
fused_transactions_write32s,685,2416
fused_transactions_write32s,686,2411
fused_transactions_write32s,687,2415
fused_transactions_write32s,688,2410
fused_transactions_write32s,689,2418
fused_transactions_write32s,690,2414
fused_transactions_write32s,691,2426
fused_transactions_write32s,692,2413
fused_transactions_write32s,693,2412
fused_transactions_write32s,694,2413
fused_transactions_write32s,695,2417
fused_transactions_write32s,696,2412
fused_transactions_write32s,697,2422
fused_transactions_write32s,698,2415
fused_transactions_write32s,699,2417
fused_transactions_write32s,700,2414
fused_transactions_write32s,701,2414
fused_transactions_write32s,702,2412
fused_transactions_write32s,703,2414
fused_transactions_write32s,704,2405
fused_transactions_write32s,705,2417
fused_transactions_write32s,706,2414
fused_transactions_write32s,707,2409
fused_transactions_write32s,708,2408
fused_transactions_write32s,709,2413
fused_transactions_write32s,710,2409
fused_transactions_write32s,711,2414
fused_transactions_write32s,712,2410
fused_transactions_write32s,713,2414
fused_transactions_write32s,714,2412
fused_transactions_write32s,715,2407
fused_transactions_write32s,716,2412
fused_transactions_write32s,717,2414
fused_transactions_write32s,718,2414
fused_transactions_write32s,719,2408
fused_transactions_write32s,720,2410
fused_transactions_write32s,721,2408
fused_transactions_write32s,722,2416
fused_transactions_write32s,723,2410
fused_transactions_write32s,724,2409
fused_transactions_write32s,725,2411
fused_transactions_write32s,726,2413
fused_transactions_write32s,727,2410
fused_transactions_write32s,728,2416
fused_transactions_write32s,729,2416
fused_transactions_write32s,730,2414
fused_transactions_write32s,731,2407
fused_transactions_write32s,732,2407
fused_transactions_write32s,733,2409
fused_transactions_write32s,734,2414
fused_transactions_write32s,735,2406
fused_transactions_write32s,736,2415
fused_transactions_write32s,737,2410
fused_transactions_write32s,738,2411
fused_transactions_write32s,739,2405
fused_transactions_write32s,740,2408
fused_transactions_write32s,741,2413
fused_transactions_write32s,742,2409
fused_transactions_write32s,743,2407
fused_transactions_write32s,744,2410
fused_transactions_write32s,745,2415
fused_transactions_write32s,746,2413
fused_transactions_write32s,747,2410
fused_transactions_write32s,748,2412
fused_transactions_write32s,749,2406
fused_transactions_write32s,750,2412
fused_transactions_write32s,751,2407
fused_transactions_write32s,752,2406
fused_transactions_write32s,753,2409
fused_transactions_write32s,754,2415
fused_transactions_write32s,755,2409
fused_transactions_write32s,756,2412
fused_transactions_write32s,757,2410
fused_transactions_write32s,758,2407
fused_transactions_write32s,759,2410
fused_transactions_write32s,760,2411
fused_transactions_write32s,761,2410
fused_transactions_write32s,762,2407
fused_transactions_write32s,763,2410
fused_transactions_write32s,764,2406
fused_transactions_write32s,765,2415
fused_transactions_write32s,766,2410
fused_transactions_write32s,767,2406
fused_transactions_write32s,768,2409
fused_transactions_write32s,769,2413
fused_transactions_write32s,770,2407
fused_transactions_write32s,771,2408
fused_transactions_write32s,772,2408
fused_transactions_write32s,773,2415
fused_transactions_write32s,774,2409
fused_transactions_write32s,775,2408
fused_transactions_write32s,776,2407
fused_transactions_write32s,777,2406
fused_transactions_write32s,778,2417
fused_transactions_write32s,779,2406
fused_transactions_write32s,780,2410
fused_transactions_write32s,781,2410
fused_transactions_write32s,782,2409
fused_transactions_write32s,783,2409
fused_transactions_write32s,784,2407
fused_transactions_write32s,785,2408
fused_transactions_write32s,786,2413
fused_transactions_write32s,787,2408
fused_transactions_write32s,788,2412
fused_transactions_write32s,789,2405
fused_transactions_write32s,790,2413
fused_transactions_write32s,791,2410
fused_transactions_write32s,792,2410
fused_transactions_write32s,793,2408
fused_transactions_write32s,794,2411
fused_transactions_write32s,795,2410
fused_transactions_write32s,796,2410
fused_transactions_write32s,797,2407
fused_transactions_write32s,798,2412
fused_transactions_write32s,799,2410
fused_transactions_write32s,800,2410
fused_transactions_write32s,801,2411
fused_transactions_write32s,802,2409
fused_transactions_write32s,803,2414
fused_transactions_write32s,804,2417
fused_transactions_write32s,805,2413
fused_transactions_write32s,806,2406
fused_transactions_write32s,807,2412
fused_transactions_write32s,808,2410
fused_transactions_write32s,809,2410
fused_transactions_write32s,810,2409
fused_transactions_write32s,811,2409
fused_transactions_write32s,812,2408
fused_transactions_write32s,813,2412
fused_transactions_write32s,814,2406
fused_transactions_write32s,815,2418
fused_transactions_write32s,816,2416
fused_transactions_write32s,817,2411
fused_transactions_write32s,818,2410
fused_transactions_write32s,819,2411
fused_transactions_write32s,820,2408
fused_transactions_write32s,821,2407
fused_transactions_write32s,822,2410
fused_transactions_write32s,823,2412
fused_transactions_write32s,824,2413
fused_transactions_write32s,825,2405
fused_transactions_write32s,826,2410
fused_transactions_write32s,827,2407
fused_transactions_write32s,828,2412
fused_transactions_write32s,829,2410
fused_transactions_write32s,830,2410
fused_transactions_write32s,831,2411
fused_transactions_write32s,832,2410
fused_transactions_write32s,833,2409
fused_transactions_write32s,834,2416
fused_transactions_write32s,835,2414
fused_transactions_write32s,836,2414
fused_transactions_write32s,837,2414
fused_transactions_write32s,838,2413
fused_transactions_write32s,839,2409
fused_transactions_write32s,840,2407
fused_transactions_write32s,841,2411
fused_transactions_write32s,842,2407
fused_transactions_write32s,843,2410
fused_transactions_write32s,844,2415
fused_transactions_write32s,845,2410
fused_transactions_write32s,846,2413
fused_transactions_write32s,847,2409
fused_transactions_write32s,848,2410
fused_transactions_write32s,849,2425
fused_transactions_write32s,850,2412
fused_transactions_write32s,851,2421
fused_transactions_write32s,852,2417
fused_transactions_write32s,853,2419
fused_transactions_write32s,854,2413
fused_transactions_write32s,855,2417
fused_transactions_write32s,856,2412
fused_transactions_write32s,857,2416
fused_transactions_write32s,858,2410
fused_transactions_write32s,859,2410
fused_transactions_write32s,860,2411
fused_transactions_write32s,861,2410
fused_transactions_write32s,862,2747
fused_transactions_write32s,863,2976
fused_transactions_write32s,864,3019
fused_transactions_write32s,865,2977
fused_transactions_write32s,866,3019
fused_transactions_write32s,867,2979
fused_transactions_write32s,868,3016
fused_transactions_write32s,869,2976
fused_transactions_write32s,870,3015
fused_transactions_write32s,871,2980
fused_transactions_write32s,872,3018
fused_transactions_write32s,873,2976
fused_transactions_write32s,874,3068
fused_transactions_write32s,875,2951
fused_transactions_write32s,876,2966
fused_transactions_write32s,877,2815
fused_transactions_write32s,878,2785
fused_transactions_write32s,879,2779
fused_transactions_write32s,880,2818
fused_transactions_write32s,881,2828
fused_transactions_write32s,882,3086
fused_transactions_write32s,883,2797
fused_transactions_write32s,884,2797
fused_transactions_write32s,885,2809
fused_transactions_write32s,886,2785
fused_transactions_write32s,887,2795
fused_transactions_write32s,888,2937
fused_transactions_write32s,889,2955
fused_transactions_write32s,890,3038
fused_transactions_write32s,891,2952
fused_transactions_write32s,892,3000
fused_transactions_write32s,893,2999
fused_transactions_write32s,894,2999
fused_transactions_write32s,895,2999
fused_transactions_write32s,896,2994
fused_transactions_write32s,897,3039
fused_transactions_write32s,898,2954
fused_transactions_write32s,899,3000
fused_transactions_write32s,900,3002
fused_transactions_write32s,901,2994
fused_transactions_write32s,902,3042
fused_transactions_write32s,903,2973
fused_transactions_write32s,904,2957
fused_transactions_write32s,905,3017
fused_transactions_write32s,906,2996
fused_transactions_write32s,907,3000
fused_transactions_write32s,908,2601
fused_transactions_write32s,909,2785
fused_transactions_write32s,910,2792
fused_transactions_write32s,911,2811
fused_transactions_write32s,912,3004
fused_transactions_write32s,913,2997
fused_transactions_write32s,914,2999
fused_transactions_write32s,915,3004
fused_transactions_write32s,916,3034
fused_transactions_write32s,917,2931
fused_transactions_write32s,918,3025
fused_transactions_write32s,919,2992
fused_transactions_write32s,920,3004
fused_transactions_write32s,921,2979
fused_transactions_write32s,922,3108
fused_transactions_write32s,923,2905
fused_transactions_write32s,924,2991
fused_transactions_write32s,925,3058
fused_transactions_write32s,926,2932
fused_transactions_write32s,927,2859
fused_transactions_write32s,928,2495
fused_transactions_write32s,929,2471
fused_transactions_write32s,930,2413
fused_transactions_write32s,931,2425
fused_transactions_write32s,932,2410
fused_transactions_write32s,933,2419
fused_transactions_write32s,934,2416
fused_transactions_write32s,935,2420
fused_transactions_write32s,936,2411
fused_transactions_write32s,937,2408
fused_transactions_write32s,938,2411
fused_transactions_write32s,939,2407
fused_transactions_write32s,940,2413
fused_transactions_write32s,941,2409
fused_transactions_write32s,942,2413
fused_transactions_write32s,943,2410
fused_transactions_write32s,944,2410
fused_transactions_write32s,945,2411
fused_transactions_write32s,946,2406
fused_transactions_write32s,947,2402
fused_transactions_write32s,948,2402
fused_transactions_write32s,949,2405
fused_transactions_write32s,950,2408
fused_transactions_write32s,951,2406
fused_transactions_write32s,952,2723
fused_transactions_write32s,953,2523
fused_transactions_write32s,954,2486
fused_transactions_write32s,955,2431
fused_transactions_write32s,956,2418
fused_transactions_write32s,957,2421
fused_transactions_write32s,958,2472
fused_transactions_write32s,959,2755
fused_transactions_write32s,960,2875
fused_transactions_write32s,961,2996
fused_transactions_write32s,962,2986
fused_transactions_write32s,963,3100
fused_transactions_write32s,964,2893
fused_transactions_write32s,965,3108
fused_transactions_write32s,966,2893
fused_transactions_write32s,967,3098
fused_transactions_write32s,968,2892
fused_transactions_write32s,969,3011
fused_transactions_write32s,970,2990
fused_transactions_write32s,971,2995
fused_transactions_write32s,972,2998
fused_transactions_write32s,973,2528
fused_transactions_write32s,974,2779
fused_transactions_write32s,975,2784
fused_transactions_write32s,976,2892
fused_transactions_write32s,977,3002
fused_transactions_write32s,978,3002
fused_transactions_write32s,979,2996
fused_transactions_write32s,980,2996
fused_transactions_write32s,981,2997
fused_transactions_write32s,982,3006
fused_transactions_write32s,983,2992
fused_transactions_write32s,984,2996
fused_transactions_write32s,985,2995
fused_transactions_write32s,986,2997
fused_transactions_write32s,987,2999
fused_transactions_write32s,988,2999
fused_transactions_write32s,989,2995
fused_transactions_write32s,990,2994
fused_transactions_write32s,991,3003
fused_transactions_write32s,992,2787
fused_transactions_write32s,993,2790
fused_transactions_write32s,994,2785
fused_transactions_write32s,995,2779
fused_transactions_write32s,996,2839
fused_transactions_write32s,997,2998
fused_transactions_write32s,998,2982
fused_transactions_write32s,999,2784